{"Epoch": 39, "Training Loss": 0.38237027834962917, "Test Loss": 1.0206706298364174, "_timestamp": 1694449609.9430182, "_runtime": 766.8602471351624, "_step": 39, "_wandb": {"runtime": 766}}