{"Epoch": 39, "Training Loss": 0.7717932515674167, "Test Loss": 0.7674113640914092, "_timestamp": 1694376321.938222, "_runtime": 753.877063035965, "_step": 39, "_wandb": {"runtime": 753}}