{"Epoch": 99, "Training Loss": 42.90660011768341, "Test Loss": 12.149439871311188, "_timestamp": 1694363225.2088807, "_runtime": 219.06979656219482, "_step": 99, "_wandb": {"runtime": 218}}