{"Epoch": 39, "Training Loss": 0.3224513708230327, "Test Loss": 0.3149049870478801, "_timestamp": 1694374046.0539155, "_runtime": 96.33505654335022, "_step": 39, "_wandb": {"runtime": 95}}