{"Epoch": 39, "Training Loss": 42.73281288146973, "Test Loss": 12.274437963962555, "_timestamp": 1694365638.2732067, "_runtime": 110.66463971138, "_step": 39, "_wandb": {"runtime": 110}}