{"Epoch": 39, "Training Loss": 105.69445329904556, "Test Loss": 28.000878036022186, "_timestamp": 1694365466.6873112, "_runtime": 727.5871572494507, "_step": 39, "_wandb": {"runtime": 726}}