{"Horizon": 143, "Test Loss": 1.1688277781009675, "_timestamp": 1694369290.7736633, "_runtime": 94.9901921749115, "_step": 142, "_wandb": {"runtime": 94}}