{"Epoch": 39, "Training Loss": 0.324462059446994, "Test Loss": 0.8921232129398146, "_timestamp": 1694448513.9454525, "_runtime": 262.1064133644104, "_step": 39, "_wandb": {"runtime": 261}}