{"Epoch": 39, "Training Loss": 56.220007956027985, "Test Loss": 23.071892380714417, "_timestamp": 1694364696.4867063, "_runtime": 232.97618222236633, "_step": 39, "_wandb": {"runtime": 232}}