{"Epoch": 39, "Training Loss": 43.05934265255928, "Test Loss": 36.432429134845734, "_timestamp": 1694373388.8810577, "_runtime": 672.9387078285217, "_step": 39, "_wandb": {"runtime": 672}}