{"Epoch": 39, "Training Loss": 0.5694280681786714, "Test Loss": 0.8851515392999392, "_timestamp": 1694371345.200062, "_runtime": 698.6065180301666, "_step": 39, "_wandb": {"runtime": 697}}