{"Epoch": 39, "Training Loss": 0.7188819465813814, "Test Loss": 0.7761522547618763, "_timestamp": 1694375514.0239804, "_runtime": 680.1277422904968, "_step": 39, "_wandb": {"runtime": 679}}