{"Epoch": 99, "Training Loss": 41.72343611717224, "Test Loss": 12.174485802650452, "_timestamp": 1694364079.1838186, "_runtime": 217.25964760780334, "_step": 99, "_wandb": {"runtime": 216}}