{"Epoch": 39, "Training Loss": 0.3140146600849488, "Test Loss": 0.3110695985647348, "_timestamp": 1694371495.18266, "_runtime": 105.42546916007996, "_step": 39, "_wandb": {"runtime": 104}}