{"Epoch": 39, "Training Loss": 0.4172186301814185, "Test Loss": 0.9494656211621052, "_timestamp": 1694428678.1715782, "_runtime": 774.0953280925751, "_step": 39, "_wandb": {"runtime": 773}}