{"Epoch": 99, "Training Loss": 42.90108212828636, "Test Loss": 12.153156787157059, "_timestamp": 1694363529.4075992, "_runtime": 217.76580929756165, "_step": 99, "_wandb": {"runtime": 217}}