{"Horizon": 143, "Test Loss": 23.371694326400757, "_timestamp": 1694368564.9534695, "_runtime": 95.55507946014404, "_step": 142, "_wandb": {"runtime": 94}}