{"Epoch": 39, "Training Loss": 0.31294966006980224, "Test Loss": 0.3114657218639667, "_timestamp": 1694373626.2716837, "_runtime": 81.4056646823883, "_step": 39, "_wandb": {"runtime": 80}}