{"Epoch": 39, "Training Loss": 0.6841510944896274, "Test Loss": 0.75586455416035, "_timestamp": 1694433359.898132, "_runtime": 771.1905541419983, "_step": 39, "_wandb": {"runtime": 770}}