{"Epoch": 39, "Training Loss": 0.3273509846014135, "Test Loss": 0.4005594612696232, "_timestamp": 1694447331.464569, "_runtime": 113.03247714042664, "_step": 39, "_wandb": {"runtime": 112}}