{"Epoch": 39, "Training Loss": 29.67360432446003, "Test Loss": 8.152173310518265, "_timestamp": 1694366735.380357, "_runtime": 71.89906311035156, "_step": 39, "_wandb": {"runtime": 71}}