{"Epoch": 81, "Training Loss": 42.98461738228798, "Test Loss": 12.17693218588829, "_timestamp": 1694362920.4397511, "_runtime": 179.06505823135376, "_step": 81}