{"Epoch": 39, "Training Loss": 0.31516927239649434, "Test Loss": 0.3183231819898654, "_timestamp": 1694369573.2402282, "_runtime": 110.79075407981873, "_step": 39, "_wandb": {"runtime": 110}}