{"Epoch": 39, "Training Loss": 44.34800833463669, "Test Loss": 12.893115520477295, "_timestamp": 1694366042.5712676, "_runtime": 196.28353261947632, "_step": 39, "_wandb": {"runtime": 194}}