{"Horizon": 143, "Test Loss": 23.370155096054077, "_timestamp": 1694369072.3575053, "_runtime": 96.52610421180725, "_step": 142, "_wandb": {"runtime": 95}}