{"Epoch": 39, "Training Loss": 0.2976851938840221, "Test Loss": 0.3113374014695485, "_timestamp": 1694371875.67538, "_runtime": 102.05873894691467, "_step": 39, "_wandb": {"runtime": 100}}