{"Epoch": 39, "Training Loss": 29.65728335082531, "Test Loss": 8.188606977462769, "_timestamp": 1694366540.601145, "_runtime": 73.0826690196991, "_step": 39, "_wandb": {"runtime": 72}}