{"Epoch": 39, "Training Loss": 0.4029781535819725, "Test Loss": 0.8064404774356533, "_timestamp": 1694372642.1690938, "_runtime": 691.0552537441254, "_step": 39, "_wandb": {"runtime": 690}}