{"Epoch": 39, "Training Loss": 0.7839591834280226, "Test Loss": 0.7514151979137111, "_timestamp": 1694374776.5195608, "_runtime": 657.3774447441101, "_step": 39, "_wandb": {"runtime": 656}}