{"Horizon": 143, "Test Loss": 23.3743577003479, "_timestamp": 1694368805.0894465, "_runtime": 96.34226965904236, "_step": 142, "_wandb": {"runtime": 95}}