{"Epoch": 39, "Training Loss": 43.89873829483986, "Test Loss": 12.307813793420792, "_timestamp": 1694373878.3094988, "_runtime": 97.45920586585999, "_step": 39, "_wandb": {"runtime": 96}}